<?xml version="1.0" encoding="UTF-8"?>
<c3p0-config>
	<default-config>
		<property name="driverClass">com.mysql.jdbc.Driver</property>
		<property name="jdbcUrl">jdbc:mysql://localhost:3306/music?characterEncoding=utf8</property>
		<property name="user">root</property>
		<property name="password">888mrp</property>
		<user-overrides user="test-user">
		  <!-- 最大连接数 -->
	      <property name="maxPoolSize">10</property>
	      <!-- 最小连接数 -->
	      <property name="minPoolSize">5</property>
	      <!-- 初始化连接数 -->
	      <property name="initialPoolSize">5</property>
	    </user-overrides>
	</default-config>
	<!-- 通过名字获取连接 -->
	<name-config name="Score">
		<property name="driverClass">com.mysql.jdbc.Driver</property>
		<property name="jdbcUrl">jdbc:mysql://localhost:3306/music?characterEncoding=utf8</property>
		<property name="user">root</property>
		<property name="password">888mrp</property>
	</name-config>
</c3p0-config>